model_setting,accuracy,auc,precision,recall
RLL_l1_64_l2_32_lr_0.05_penalty_5.0_bs_512,0.8764044943820225,0.9027298850574713,0.9152542372881356,0.9
RLL_l1_64_l2_64_lr_0.05_penalty_5.0_bs_1024,0.8764044943820225,0.9027298850574713,0.9083333333333333,0.9083333333333333
RLL_l1_512_l2_32_lr_0.05_penalty_5.0_bs_512,0.8707865168539326,0.9132183908045977,0.9008264462809917,0.9083333333333333
RLL_l1_512_l2_512_lr_0.05_penalty_5.0_bs_1024,0.8707865168539326,0.9104885057471264,0.8943089430894309,0.9166666666666666
RLL_l1_512_l2_64_lr_0.05_penalty_0.1_bs_1024,0.8707865168539326,0.9086206896551724,0.9008264462809917,0.9083333333333333
RLL_l1_64_l2_64_lr_0.05_penalty_5.0_bs_256,0.8707865168539326,0.9076149425287356,0.907563025210084,0.9
RLL_l1_256_l2_128_lr_0.05_penalty_0.1_bs_128,0.8707865168539326,0.9070402298850575,0.9008264462809917,0.9083333333333333
RLL_l1_64_l2_64_lr_0.05_penalty_10.0_bs_512,0.8707865168539326,0.9058908045977011,0.907563025210084,0.9
RLL_l1_256_l2_32_lr_0.05_penalty_10.0_bs_1024,0.8707865168539326,0.9056034482758621,0.907563025210084,0.9
RLL_l1_128_l2_32_lr_0.05_penalty_10.0_bs_1024,0.8707865168539326,0.905603448275862,0.9008264462809917,0.9083333333333333
RLL_l1_1024_l2_512_lr_0.05_penalty_10.0_bs_1024,0.8651685393258427,0.9127873563218392,0.8870967741935484,0.9166666666666666
RLL_l1_512_l2_256_lr_0.05_penalty_10.0_bs_256,0.8651685393258427,0.9123563218390806,0.8870967741935484,0.9166666666666666
RLL_l1_256_l2_128_lr_0.05_penalty_0.1_bs_256,0.8651685393258427,0.9122126436781609,0.9,0.9
RLL_l1_1024_l2_128_lr_0.05_penalty_0.1_bs_1024,0.8651685393258427,0.9104885057471265,0.8934426229508197,0.9083333333333333
RLL_l1_1024_l2_512_lr_0.05_penalty_10.0_bs_512,0.8651685393258427,0.9089080459770116,0.8934426229508197,0.9083333333333333
RLL_l1_512_l2_128_lr_0.05_penalty_10.0_bs_512,0.8651685393258427,0.9080459770114944,0.8934426229508197,0.9083333333333333
RLL_l1_64_l2_64_lr_0.05_penalty_10.0_bs_256,0.8651685393258427,0.9080459770114943,0.8934426229508197,0.9083333333333333
RLL_l1_256_l2_32_lr_0.05_penalty_5.0_bs_512,0.8651685393258427,0.9077586206896552,0.9,0.9
RLL_l1_64_l2_32_lr_0.05_penalty_10.0_bs_128,0.8651685393258427,0.9077586206896552,0.8934426229508197,0.9083333333333333
RLL_l1_256_l2_128_lr_0.05_penalty_1.0_bs_128,0.8651685393258427,0.907183908045977,0.9,0.9
RLL_l1_128_l2_32_lr_0.05_penalty_5.0_bs_512,0.8651685393258427,0.9071839080459769,0.9,0.9
RLL_l1_64_l2_32_lr_0.05_penalty_10.0_bs_1024,0.8651685393258427,0.9070402298850574,0.9,0.9
RLL_l1_512_l2_64_lr_0.05_penalty_5.0_bs_512,0.8651685393258427,0.9066091954022989,0.8934426229508197,0.9083333333333333
RLL_l1_64_l2_64_lr_0.05_penalty_1.0_bs_256,0.8651685393258427,0.9064655172413794,0.9067796610169492,0.8916666666666667
RLL_l1_64_l2_64_lr_0.05_penalty_5.0_bs_128,0.8651685393258427,0.9058908045977012,0.9,0.9
RLL_l1_64_l2_32_lr_0.05_penalty_1.0_bs_512,0.8651685393258427,0.9024425287356321,0.9137931034482759,0.8833333333333333
RLL_l1_64_l2_64_lr_0.05_penalty_10.0_bs_128,0.8651685393258427,0.9020114942528734,0.9,0.9
RLL_l1_512_l2_256_lr_0.05_penalty_5.0_bs_128,0.8595505617977528,0.9126436781609196,0.8861788617886179,0.9083333333333333
RLL_l1_1024_l2_128_lr_0.05_penalty_10.0_bs_256,0.8595505617977528,0.9126436781609195,0.88,0.9166666666666666
RLL_l1_512_l2_256_lr_0.05_penalty_5.0_bs_512,0.8595505617977528,0.9117816091954023,0.8861788617886179,0.9083333333333333
RLL_l1_64_l2_64_lr_0.05_penalty_1.0_bs_128,0.8595505617977528,0.9116379310344828,0.8925619834710744,0.9
RLL_l1_512_l2_256_lr_0.05_penalty_1.0_bs_128,0.8595505617977528,0.9114942528735632,0.8861788617886179,0.9083333333333333
RLL_l1_256_l2_128_lr_0.05_penalty_5.0_bs_128,0.8595505617977528,0.9114942528735631,0.8861788617886179,0.9083333333333333
RLL_l1_128_l2_32_lr_0.05_penalty_5.0_bs_256,0.8595505617977528,0.9112068965517242,0.8925619834710744,0.9
RLL_l1_1024_l2_512_lr_0.05_penalty_5.0_bs_512,0.8595505617977528,0.9112068965517242,0.8861788617886179,0.9083333333333333
RLL_l1_256_l2_128_lr_0.05_penalty_10.0_bs_256,0.8595505617977528,0.9110632183908046,0.8861788617886179,0.9083333333333333
RLL_l1_64_l2_64_lr_0.05_penalty_10.0_bs_1024,0.8595505617977528,0.9109195402298851,0.8991596638655462,0.8916666666666667
RLL_l1_1024_l2_256_lr_0.05_penalty_5.0_bs_128,0.8595505617977528,0.9109195402298851,0.8861788617886179,0.9083333333333333
RLL_l1_1024_l2_128_lr_0.05_penalty_10.0_bs_512,0.8595505617977528,0.9109195402298851,0.8861788617886179,0.9083333333333333
RLL_l1_1024_l2_128_lr_0.05_penalty_1.0_bs_1024,0.8595505617977528,0.9109195402298851,0.8861788617886179,0.9083333333333333
RLL_l1_512_l2_64_lr_0.05_penalty_10.0_bs_256,0.8595505617977528,0.9104885057471265,0.8861788617886179,0.9083333333333333
RLL_l1_256_l2_256_lr_0.05_penalty_10.0_bs_512,0.8595505617977528,0.9103448275862069,0.8861788617886179,0.9083333333333333
RLL_l1_512_l2_128_lr_0.05_penalty_5.0_bs_512,0.8595505617977528,0.9096264367816093,0.8861788617886179,0.9083333333333333
RLL_l1_256_l2_256_lr_0.05_penalty_5.0_bs_128,0.8595505617977528,0.9096264367816093,0.8861788617886179,0.9083333333333333
RLL_l1_256_l2_64_lr_0.05_penalty_5.0_bs_1024,0.8595505617977528,0.9096264367816091,0.8925619834710744,0.9
RLL_l1_128_l2_64_lr_0.05_penalty_0.1_bs_1024,0.8595505617977528,0.9094827586206897,0.905982905982906,0.8833333333333333
RLL_l1_128_l2_128_lr_0.05_penalty_10.0_bs_256,0.8595505617977528,0.9094827586206897,0.8861788617886179,0.9083333333333333
RLL_l1_512_l2_128_lr_0.05_penalty_5.0_bs_1024,0.8595505617977528,0.9093390804597702,0.8925619834710744,0.9
RLL_l1_1024_l2_128_lr_0.05_penalty_5.0_bs_128,0.8595505617977528,0.9093390804597701,0.8861788617886179,0.9083333333333333
RLL_l1_64_l2_32_lr_0.05_penalty_10.0_bs_512,0.8595505617977528,0.9091954022988507,0.8925619834710744,0.9
RLL_l1_128_l2_128_lr_0.05_penalty_10.0_bs_512,0.8595505617977528,0.9089080459770115,0.8861788617886179,0.9083333333333333
RLL_l1_1024_l2_128_lr_0.05_penalty_5.0_bs_256,0.8595505617977528,0.9089080459770115,0.8861788617886179,0.9083333333333333
RLL_l1_512_l2_64_lr_0.05_penalty_1.0_bs_512,0.8595505617977528,0.9087643678160919,0.88,0.9166666666666666
RLL_l1_128_l2_64_lr_0.05_penalty_1.0_bs_1024,0.8595505617977528,0.9086206896551724,0.8991596638655462,0.8916666666666667
RLL_l1_128_l2_64_lr_0.05_penalty_5.0_bs_256,0.8595505617977528,0.9086206896551724,0.8925619834710744,0.9
RLL_l1_128_l2_64_lr_0.05_penalty_5.0_bs_512,0.8595505617977528,0.9086206896551724,0.8925619834710744,0.9
RLL_l1_512_l2_128_lr_0.05_penalty_10.0_bs_256,0.8595505617977528,0.9086206896551724,0.8861788617886179,0.9083333333333333
RLL_l1_512_l2_256_lr_0.05_penalty_5.0_bs_1024,0.8595505617977528,0.9083333333333333,0.88,0.9166666666666666
RLL_l1_256_l2_256_lr_0.05_penalty_10.0_bs_256,0.8595505617977528,0.9083333333333332,0.8861788617886179,0.9083333333333333
RLL_l1_512_l2_64_lr_0.05_penalty_5.0_bs_256,0.8595505617977528,0.9081896551724139,0.8861788617886179,0.9083333333333333
RLL_l1_256_l2_256_lr_0.05_penalty_1.0_bs_256,0.8595505617977528,0.9080459770114943,0.8925619834710744,0.9
RLL_l1_512_l2_512_lr_0.05_penalty_5.0_bs_256,0.8595505617977528,0.9080459770114943,0.8861788617886179,0.9083333333333333
RLL_l1_512_l2_256_lr_0.05_penalty_5.0_bs_256,0.8595505617977528,0.9079022988505747,0.8861788617886179,0.9083333333333333
RLL_l1_128_l2_128_lr_0.05_penalty_1.0_bs_1024,0.8595505617977528,0.9077586206896552,0.8861788617886179,0.9083333333333333
RLL_l1_1024_l2_128_lr_0.05_penalty_10.0_bs_128,0.8595505617977528,0.9076149425287356,0.8861788617886179,0.9083333333333333
RLL_l1_512_l2_128_lr_0.05_penalty_5.0_bs_256,0.8595505617977528,0.9073275862068966,0.8861788617886179,0.9083333333333333
RLL_l1_512_l2_64_lr_0.05_penalty_1.0_bs_1024,0.8595505617977528,0.907183908045977,0.8925619834710744,0.9
RLL_l1_512_l2_32_lr_0.05_penalty_10.0_bs_128,0.8595505617977528,0.9070402298850575,0.8861788617886179,0.9083333333333333
RLL_l1_512_l2_64_lr_0.05_penalty_10.0_bs_512,0.8595505617977528,0.9070402298850575,0.8861788617886179,0.9083333333333333
RLL_l1_256_l2_64_lr_0.05_penalty_10.0_bs_128,0.8595505617977528,0.9070402298850574,0.8861788617886179,0.9083333333333333
RLL_l1_512_l2_32_lr_0.05_penalty_0.1_bs_512,0.8595505617977528,0.9068965517241381,0.8925619834710744,0.9
RLL_l1_1024_l2_128_lr_0.05_penalty_5.0_bs_1024,0.8595505617977528,0.9066091954022989,0.8861788617886179,0.9083333333333333
RLL_l1_512_l2_64_lr_0.05_penalty_10.0_bs_128,0.8595505617977528,0.9063218390804598,0.88,0.9166666666666666
RLL_l1_512_l2_32_lr_0.05_penalty_1.0_bs_256,0.8595505617977528,0.9058908045977011,0.8861788617886179,0.9083333333333333
RLL_l1_256_l2_256_lr_0.05_penalty_1.0_bs_128,0.8595505617977528,0.9056034482758621,0.8861788617886179,0.9083333333333333
RLL_l1_256_l2_32_lr_0.05_penalty_10.0_bs_128,0.8595505617977528,0.9054597701149425,0.8861788617886179,0.9083333333333333
RLL_l1_256_l2_128_lr_0.05_penalty_10.0_bs_128,0.8595505617977528,0.9053160919540231,0.8925619834710744,0.9
RLL_l1_512_l2_128_lr_0.05_penalty_10.0_bs_128,0.8595505617977528,0.9048850574712644,0.8861788617886179,0.9083333333333333
RLL_l1_64_l2_32_lr_0.05_penalty_5.0_bs_256,0.8595505617977528,0.9043103448275862,0.8991596638655462,0.8916666666666667
RLL_l1_64_l2_32_lr_0.05_penalty_1.0_bs_256,0.8595505617977528,0.9031609195402299,0.905982905982906,0.8833333333333333
RLL_l1_64_l2_64_lr_0.05_penalty_1.0_bs_1024,0.8595505617977528,0.9022988505747127,0.8925619834710744,0.9
RLL_l1_64_l2_32_lr_0.05_penalty_1.0_bs_1024,0.8595505617977528,0.898132183908046,0.9130434782608695,0.875
RLL_l1_256_l2_32_lr_0.05_penalty_5.0_bs_128,0.8539325842696629,0.9137931034482759,0.8852459016393442,0.9
RLL_l1_512_l2_64_lr_0.05_penalty_5.0_bs_128,0.8539325842696629,0.9110632183908046,0.8790322580645161,0.9083333333333333
RLL_l1_1024_l2_128_lr_0.05_penalty_0.1_bs_256,0.8539325842696629,0.9107758620689655,0.8916666666666667,0.8916666666666667
RLL_l1_1024_l2_256_lr_0.05_penalty_1.0_bs_1024,0.8539325842696629,0.9107758620689655,0.8790322580645161,0.9083333333333333
RLL_l1_128_l2_128_lr_0.05_penalty_5.0_bs_128,0.8539325842696629,0.9103448275862068,0.8852459016393442,0.9
RLL_l1_512_l2_32_lr_0.05_penalty_5.0_bs_128,0.8539325842696629,0.9102011494252874,0.8852459016393442,0.9
RLL_l1_1024_l2_128_lr_0.05_penalty_0.1_bs_512,0.8539325842696629,0.9097701149425287,0.8852459016393442,0.9
RLL_l1_512_l2_64_lr_0.05_penalty_0.1_bs_512,0.8539325842696629,0.908764367816092,0.8983050847457628,0.8833333333333333
RLL_l1_1024_l2_64_lr_0.05_penalty_10.0_bs_512,0.8539325842696629,0.9087643678160919,0.8852459016393442,0.9
RLL_l1_1024_l2_64_lr_0.05_penalty_10.0_bs_128,0.8539325842696629,0.9086206896551725,0.8790322580645161,0.9083333333333333
RLL_l1_1024_l2_128_lr_0.05_penalty_1.0_bs_512,0.8539325842696629,0.908477011494253,0.8916666666666667,0.8916666666666667
RLL_l1_1024_l2_64_lr_0.05_penalty_5.0_bs_1024,0.8539325842696629,0.9083333333333333,0.8852459016393442,0.9
RLL_l1_64_l2_32_lr_0.05_penalty_1.0_bs_128,0.8539325842696629,0.9081896551724138,0.9051724137931034,0.875
RLL_l1_256_l2_128_lr_0.05_penalty_0.1_bs_512,0.8539325842696629,0.9081896551724138,0.8983050847457628,0.8833333333333333
RLL_l1_128_l2_64_lr_0.05_penalty_10.0_bs_256,0.8539325842696629,0.9081896551724138,0.8852459016393442,0.9
RLL_l1_512_l2_128_lr_0.05_penalty_1.0_bs_512,0.8539325842696629,0.9081896551724138,0.8790322580645161,0.9083333333333333
RLL_l1_512_l2_128_lr_0.05_penalty_5.0_bs_128,0.8539325842696629,0.9081896551724138,0.8790322580645161,0.9083333333333333
RLL_l1_256_l2_64_lr_0.05_penalty_10.0_bs_1024,0.8539325842696629,0.9077586206896552,0.8916666666666667,0.8916666666666667
RLL_l1_512_l2_32_lr_0.05_penalty_0.1_bs_256,0.8539325842696629,0.9076149425287358,0.8916666666666667,0.8916666666666667
RLL_l1_512_l2_32_lr_0.05_penalty_10.0_bs_256,0.8539325842696629,0.9074712643678161,0.8916666666666667,0.8916666666666667
RLL_l1_1024_l2_32_lr_0.05_penalty_10.0_bs_512,0.8539325842696629,0.9073275862068965,0.8790322580645161,0.9083333333333333
RLL_l1_128_l2_64_lr_0.05_penalty_10.0_bs_128,0.8539325842696629,0.9070402298850575,0.8852459016393442,0.9
RLL_l1_512_l2_32_lr_0.05_penalty_5.0_bs_256,0.8539325842696629,0.9064655172413792,0.8852459016393442,0.9
RLL_l1_128_l2_32_lr_0.05_penalty_10.0_bs_128,0.8539325842696629,0.9063218390804598,0.8852459016393442,0.9
RLL_l1_64_l2_32_lr_0.05_penalty_10.0_bs_256,0.8539325842696629,0.9061781609195403,0.8983050847457628,0.8833333333333333
RLL_l1_128_l2_128_lr_0.05_penalty_1.0_bs_256,0.8539325842696629,0.9061781609195402,0.8852459016393442,0.9
RLL_l1_128_l2_64_lr_0.05_penalty_10.0_bs_1024,0.8539325842696629,0.9060344827586208,0.8916666666666667,0.8916666666666667
RLL_l1_128_l2_64_lr_0.05_penalty_10.0_bs_512,0.8539325842696629,0.9060344827586208,0.8916666666666667,0.8916666666666667
RLL_l1_128_l2_32_lr_0.05_penalty_10.0_bs_512,0.8539325842696629,0.9038793103448276,0.8916666666666667,0.8916666666666667
RLL_l1_512_l2_256_lr_0.05_penalty_10.0_bs_128,0.8539325842696629,0.9038793103448276,0.8852459016393442,0.9
RLL_l1_512_l2_64_lr_0.05_penalty_5.0_bs_1024,0.8539325842696629,0.9035919540229885,0.8790322580645161,0.9083333333333333
RLL_l1_1024_l2_128_lr_0.05_penalty_5.0_bs_512,0.8539325842696629,0.9033045977011495,0.8790322580645161,0.9083333333333333
RLL_l1_1024_l2_64_lr_0.05_penalty_10.0_bs_1024,0.8539325842696629,0.9027298850574713,0.8852459016393442,0.9
RLL_l1_128_l2_128_lr_0.05_penalty_10.0_bs_128,0.8539325842696629,0.9027298850574712,0.8916666666666667,0.8916666666666667
RLL_l1_64_l2_32_lr_0.05_penalty_5.0_bs_1024,0.8539325842696629,0.9021551724137932,0.8983050847457628,0.8833333333333333
RLL_l1_512_l2_32_lr_0.05_penalty_10.0_bs_512,0.8539325842696629,0.9011494252873563,0.8852459016393442,0.9
RLL_l1_128_l2_32_lr_0.05_penalty_5.0_bs_1024,0.8539325842696629,0.8999999999999999,0.8852459016393442,0.9
RLL_l1_256_l2_64_lr_0.05_penalty_1.0_bs_256,0.8539325842696629,0.8998563218390805,0.8983050847457628,0.8833333333333333
RLL_l1_64_l2_64_lr_0.05_penalty_5.0_bs_512,0.8539325842696629,0.8994252873563219,0.8916666666666667,0.8916666666666667
RLL_l1_256_l2_64_lr_0.05_penalty_1.0_bs_128,0.8539325842696629,0.8956896551724138,0.8916666666666667,0.8916666666666667
RLL_l1_1024_l2_32_lr_0.05_penalty_5.0_bs_128,0.848314606741573,0.9130747126436782,0.8780487804878049,0.9
RLL_l1_256_l2_32_lr_0.05_penalty_5.0_bs_256,0.848314606741573,0.912787356321839,0.8842975206611571,0.8916666666666667
RLL_l1_256_l2_128_lr_0.05_penalty_5.0_bs_512,0.848314606741573,0.9123563218390804,0.8780487804878049,0.9
RLL_l1_1024_l2_32_lr_0.05_penalty_5.0_bs_256,0.848314606741573,0.9120689655172414,0.8780487804878049,0.9
RLL_l1_1024_l2_128_lr_0.05_penalty_1.0_bs_256,0.848314606741573,0.9107758620689655,0.8842975206611571,0.8916666666666667
RLL_l1_128_l2_64_lr_0.05_penalty_5.0_bs_128,0.848314606741573,0.910632183908046,0.8907563025210085,0.8833333333333333
RLL_l1_1024_l2_64_lr_0.05_penalty_10.0_bs_256,0.848314606741573,0.9102011494252873,0.8780487804878049,0.9
RLL_l1_256_l2_64_lr_0.05_penalty_10.0_bs_512,0.848314606741573,0.9100574712643679,0.8842975206611571,0.8916666666666667
RLL_l1_256_l2_32_lr_0.05_penalty_10.0_bs_256,0.848314606741573,0.9100574712643679,0.8842975206611571,0.8916666666666667
RLL_l1_128_l2_32_lr_0.05_penalty_5.0_bs_128,0.848314606741573,0.909051724137931,0.8842975206611571,0.8916666666666667
RLL_l1_1024_l2_128_lr_0.05_penalty_1.0_bs_128,0.848314606741573,0.909051724137931,0.8842975206611571,0.8916666666666667
RLL_l1_256_l2_256_lr_0.05_penalty_10.0_bs_1024,0.848314606741573,0.9089080459770115,0.8780487804878049,0.9
RLL_l1_256_l2_128_lr_0.05_penalty_1.0_bs_256,0.848314606741573,0.9086206896551724,0.8907563025210085,0.8833333333333333
RLL_l1_128_l2_64_lr_0.05_penalty_1.0_bs_512,0.848314606741573,0.9077586206896552,0.8842975206611571,0.8916666666666667
RLL_l1_512_l2_128_lr_0.05_penalty_1.0_bs_1024,0.848314606741573,0.9074712643678161,0.8842975206611571,0.8916666666666667
RLL_l1_64_l2_32_lr_0.05_penalty_5.0_bs_128,0.848314606741573,0.907183908045977,0.8974358974358975,0.875
RLL_l1_1024_l2_32_lr_0.05_penalty_10.0_bs_256,0.848314606741573,0.9068965517241379,0.8842975206611571,0.8916666666666667
RLL_l1_512_l2_128_lr_0.05_penalty_0.1_bs_512,0.848314606741573,0.9057471264367817,0.8907563025210085,0.8833333333333333
RLL_l1_128_l2_32_lr_0.05_penalty_10.0_bs_256,0.848314606741573,0.905603448275862,0.8907563025210085,0.8833333333333333
RLL_l1_512_l2_32_lr_0.05_penalty_1.0_bs_512,0.848314606741573,0.9047413793103448,0.8780487804878049,0.9
RLL_l1_256_l2_32_lr_0.05_penalty_0.1_bs_1024,0.848314606741573,0.9044540229885057,0.8974358974358975,0.875
RLL_l1_1024_l2_32_lr_0.05_penalty_5.0_bs_1024,0.848314606741573,0.9031609195402298,0.8842975206611571,0.8916666666666667
RLL_l1_128_l2_64_lr_0.05_penalty_5.0_bs_1024,0.848314606741573,0.902873563218391,0.8907563025210085,0.8833333333333333
RLL_l1_1024_l2_32_lr_0.05_penalty_0.1_bs_1024,0.848314606741573,0.9025862068965517,0.8907563025210085,0.8833333333333333
RLL_l1_1024_l2_32_lr_0.05_penalty_1.0_bs_1024,0.848314606741573,0.9024425287356321,0.8907563025210085,0.8833333333333333
RLL_l1_256_l2_64_lr_0.05_penalty_0.1_bs_256,0.848314606741573,0.9020114942528736,0.8974358974358975,0.875
RLL_l1_512_l2_32_lr_0.05_penalty_10.0_bs_1024,0.848314606741573,0.9011494252873563,0.8907563025210085,0.8833333333333333
RLL_l1_256_l2_256_lr_0.05_penalty_10.0_bs_128,0.848314606741573,0.9010057471264369,0.8842975206611571,0.8916666666666667
RLL_l1_256_l2_256_lr_0.05_penalty_5.0_bs_256,0.8426966292134831,0.9129310344827587,0.8770491803278688,0.8916666666666667
RLL_l1_1024_l2_64_lr_0.05_penalty_5.0_bs_128,0.8426966292134831,0.9123563218390803,0.8833333333333333,0.8833333333333333
RLL_l1_256_l2_64_lr_0.05_penalty_5.0_bs_128,0.8426966292134831,0.9122126436781609,0.8770491803278688,0.8916666666666667
RLL_l1_256_l2_64_lr_0.05_penalty_10.0_bs_256,0.8426966292134831,0.9110632183908046,0.8770491803278688,0.8916666666666667
RLL_l1_256_l2_256_lr_0.05_penalty_5.0_bs_1024,0.8426966292134831,0.9109195402298852,0.8770491803278688,0.8916666666666667
RLL_l1_256_l2_128_lr_0.05_penalty_10.0_bs_512,0.8426966292134831,0.9106321839080461,0.8770491803278688,0.8916666666666667
RLL_l1_512_l2_64_lr_0.05_penalty_1.0_bs_128,0.8426966292134831,0.9104885057471265,0.8770491803278688,0.8916666666666667
RLL_l1_512_l2_256_lr_0.05_penalty_0.1_bs_512,0.8426966292134831,0.9100574712643679,0.8709677419354839,0.9
RLL_l1_512_l2_128_lr_0.05_penalty_0.1_bs_1024,0.8426966292134831,0.9097701149425287,0.8898305084745762,0.875
RLL_l1_128_l2_128_lr_0.05_penalty_10.0_bs_1024,0.8426966292134831,0.9094827586206897,0.8833333333333333,0.8833333333333333
RLL_l1_128_l2_128_lr_0.05_penalty_5.0_bs_256,0.8426966292134831,0.9094827586206896,0.8770491803278688,0.8916666666666667
RLL_l1_128_l2_128_lr_0.05_penalty_5.0_bs_512,0.8426966292134831,0.909051724137931,0.8770491803278688,0.8916666666666667
RLL_l1_256_l2_128_lr_0.05_penalty_5.0_bs_1024,0.8426966292134831,0.9083333333333333,0.8770491803278688,0.8916666666666667
RLL_l1_512_l2_256_lr_0.05_penalty_1.0_bs_1024,0.8426966292134831,0.9080459770114944,0.8709677419354839,0.9
RLL_l1_512_l2_64_lr_0.05_penalty_1.0_bs_256,0.8426966292134831,0.9080459770114943,0.8709677419354839,0.9
RLL_l1_128_l2_32_lr_0.05_penalty_1.0_bs_256,0.8426966292134831,0.9074712643678161,0.8898305084745762,0.875
RLL_l1_1024_l2_64_lr_0.05_penalty_1.0_bs_1024,0.8426966292134831,0.907471264367816,0.8770491803278688,0.8916666666666667
RLL_l1_512_l2_512_lr_0.05_penalty_0.1_bs_1024,0.8426966292134831,0.9070402298850575,0.8833333333333333,0.8833333333333333
RLL_l1_128_l2_64_lr_0.05_penalty_0.1_bs_512,0.8426966292134831,0.9064655172413792,0.8898305084745762,0.875
RLL_l1_1024_l2_128_lr_0.05_penalty_10.0_bs_1024,0.8426966292134831,0.9057471264367816,0.8770491803278688,0.8916666666666667
RLL_l1_256_l2_32_lr_0.05_penalty_10.0_bs_512,0.8426966292134831,0.9054597701149425,0.8833333333333333,0.8833333333333333
RLL_l1_128_l2_128_lr_0.05_penalty_1.0_bs_128,0.8426966292134831,0.905316091954023,0.8898305084745762,0.875
RLL_l1_1024_l2_32_lr_0.05_penalty_0.1_bs_512,0.8426966292134831,0.9051724137931035,0.8898305084745762,0.875
RLL_l1_1024_l2_64_lr_0.05_penalty_5.0_bs_512,0.8426966292134831,0.9050287356321839,0.8833333333333333,0.8833333333333333
RLL_l1_256_l2_32_lr_0.05_penalty_1.0_bs_512,0.8426966292134831,0.9047413793103449,0.8898305084745762,0.875
RLL_l1_1024_l2_32_lr_0.05_penalty_1.0_bs_512,0.8426966292134831,0.903735632183908,0.8898305084745762,0.875
RLL_l1_256_l2_64_lr_0.05_penalty_0.1_bs_128,0.8426966292134831,0.9035919540229885,0.896551724137931,0.8666666666666667
RLL_l1_128_l2_128_lr_0.05_penalty_1.0_bs_512,0.8426966292134831,0.9035919540229884,0.8770491803278688,0.8916666666666667
RLL_l1_128_l2_32_lr_0.05_penalty_1.0_bs_1024,0.8426966292134831,0.9022988505747126,0.9107142857142857,0.85
RLL_l1_128_l2_128_lr_0.05_penalty_0.1_bs_128,0.8426966292134831,0.8994252873563219,0.8833333333333333,0.8833333333333333
RLL_l1_256_l2_64_lr_0.05_penalty_0.1_bs_1024,0.8426966292134831,0.8994252873563219,0.8770491803278688,0.8916666666666667
RLL_l1_256_l2_64_lr_0.05_penalty_0.1_bs_512,0.8426966292134831,0.89066091954023,0.896551724137931,0.8666666666666667
RLL_l1_512_l2_256_lr_0.05_penalty_10.0_bs_512,0.8370786516853933,0.9145114942528736,0.864,0.9
RLL_l1_1024_l2_256_lr_0.05_penalty_0.1_bs_512,0.8370786516853933,0.910632183908046,0.8699186991869918,0.8916666666666667
RLL_l1_1024_l2_128_lr_0.05_penalty_0.1_bs_128,0.8370786516853933,0.9100574712643679,0.8760330578512396,0.8833333333333333
RLL_l1_512_l2_32_lr_0.05_penalty_1.0_bs_128,0.8370786516853933,0.9089080459770115,0.8699186991869918,0.8916666666666667
RLL_l1_512_l2_256_lr_0.05_penalty_1.0_bs_512,0.8370786516853933,0.908764367816092,0.8699186991869918,0.8916666666666667
RLL_l1_1024_l2_32_lr_0.05_penalty_10.0_bs_128,0.8370786516853933,0.9086206896551723,0.837037037037037,0.9416666666666667
RLL_l1_1024_l2_64_lr_0.05_penalty_1.0_bs_256,0.8370786516853933,0.9081896551724138,0.8699186991869918,0.8916666666666667
RLL_l1_512_l2_32_lr_0.05_penalty_0.1_bs_128,0.8370786516853933,0.9074712643678161,0.8823529411764706,0.875
RLL_l1_512_l2_32_lr_0.05_penalty_5.0_bs_1024,0.8370786516853933,0.9064655172413794,0.8823529411764706,0.875
RLL_l1_1024_l2_32_lr_0.05_penalty_5.0_bs_512,0.8370786516853933,0.9060344827586208,0.8760330578512396,0.8833333333333333
RLL_l1_128_l2_128_lr_0.05_penalty_5.0_bs_1024,0.8370786516853933,0.904022988505747,0.8823529411764706,0.875
RLL_l1_1024_l2_32_lr_0.05_penalty_10.0_bs_1024,0.8370786516853933,0.9038793103448277,0.8823529411764706,0.875
RLL_l1_128_l2_128_lr_0.05_penalty_0.1_bs_512,0.8370786516853933,0.9035919540229884,0.8823529411764706,0.875
RLL_l1_256_l2_32_lr_0.05_penalty_5.0_bs_1024,0.8370786516853933,0.9022988505747126,0.8888888888888888,0.8666666666666667
RLL_l1_512_l2_64_lr_0.05_penalty_10.0_bs_1024,0.8370786516853933,0.901293103448276,0.8582677165354331,0.9083333333333333
RLL_l1_128_l2_64_lr_0.05_penalty_1.0_bs_128,0.8370786516853933,0.9008620689655172,0.8823529411764706,0.875
RLL_l1_512_l2_32_lr_0.05_penalty_0.1_bs_1024,0.8370786516853933,0.89683908045977,0.8823529411764706,0.875
RLL_l1_64_l2_64_lr_0.05_penalty_1.0_bs_512,0.8370786516853933,0.8956896551724137,0.8888888888888888,0.8666666666666667
RLL_l1_256_l2_128_lr_0.05_penalty_5.0_bs_256,0.8314606741573034,0.9110632183908045,0.8688524590163934,0.8833333333333333
RLL_l1_256_l2_256_lr_0.05_penalty_5.0_bs_512,0.8314606741573034,0.9093390804597701,0.8688524590163934,0.8833333333333333
RLL_l1_128_l2_32_lr_0.05_penalty_1.0_bs_128,0.8314606741573034,0.9089080459770116,0.875,0.875
RLL_l1_256_l2_64_lr_0.05_penalty_5.0_bs_512,0.8314606741573034,0.9073275862068966,0.875,0.875
RLL_l1_256_l2_128_lr_0.05_penalty_10.0_bs_1024,0.8314606741573034,0.905316091954023,0.875,0.875
RLL_l1_128_l2_32_lr_0.05_penalty_1.0_bs_512,0.8314606741573034,0.9051724137931034,0.8947368421052632,0.85
RLL_l1_1024_l2_64_lr_0.05_penalty_0.1_bs_512,0.8314606741573034,0.9028735632183909,0.8688524590163934,0.8833333333333333
RLL_l1_128_l2_64_lr_0.05_penalty_1.0_bs_256,0.8314606741573034,0.901867816091954,0.875,0.875
RLL_l1_1024_l2_256_lr_0.05_penalty_0.1_bs_1024,0.8314606741573034,0.901580459770115,0.8688524590163934,0.8833333333333333
RLL_l1_512_l2_32_lr_0.05_penalty_1.0_bs_1024,0.8314606741573034,0.9012931034482758,0.8813559322033898,0.8666666666666667
RLL_l1_256_l2_32_lr_0.05_penalty_1.0_bs_1024,0.8314606741573034,0.8935344827586207,0.8879310344827587,0.8583333333333333
RLL_l1_128_l2_64_lr_0.05_penalty_0.1_bs_128,0.8314606741573034,0.8892241379310345,0.9017857142857143,0.8416666666666667
RLL_l1_256_l2_32_lr_0.05_penalty_0.1_bs_256,0.8314606741573034,0.8840517241379311,0.8879310344827587,0.8583333333333333
RLL_l1_512_l2_128_lr_0.05_penalty_1.0_bs_256,0.8258426966292135,0.9076149425287356,0.8677685950413223,0.875
RLL_l1_1024_l2_64_lr_0.05_penalty_1.0_bs_512,0.8258426966292135,0.9051724137931034,0.8677685950413223,0.875
RLL_l1_1024_l2_64_lr_0.05_penalty_0.1_bs_1024,0.8258426966292135,0.9040229885057471,0.8739495798319328,0.8666666666666667
RLL_l1_256_l2_64_lr_0.05_penalty_1.0_bs_1024,0.8258426966292135,0.903735632183908,0.8677685950413223,0.875
RLL_l1_512_l2_128_lr_0.05_penalty_0.1_bs_256,0.8258426966292135,0.9028735632183907,0.8677685950413223,0.875
RLL_l1_256_l2_64_lr_0.05_penalty_1.0_bs_512,0.8258426966292135,0.9017241379310345,0.8677685950413223,0.875
RLL_l1_128_l2_128_lr_0.05_penalty_0.1_bs_1024,0.8258426966292135,0.9014367816091955,0.8677685950413223,0.875
RLL_l1_1024_l2_32_lr_0.05_penalty_1.0_bs_128,0.8258426966292135,0.9014367816091954,0.856,0.8916666666666667
RLL_l1_256_l2_128_lr_0.05_penalty_1.0_bs_1024,0.8258426966292135,0.8992816091954023,0.8739495798319328,0.8666666666666667
RLL_l1_256_l2_256_lr_0.05_penalty_1.0_bs_1024,0.8258426966292135,0.8989942528735633,0.8677685950413223,0.875
RLL_l1_1024_l2_32_lr_0.05_penalty_0.1_bs_256,0.8258426966292135,0.8972701149425287,0.8617886178861789,0.8833333333333333
RLL_l1_256_l2_128_lr_0.05_penalty_1.0_bs_512,0.8258426966292135,0.896551724137931,0.8617886178861789,0.8833333333333333
RLL_l1_256_l2_32_lr_0.05_penalty_0.1_bs_128,0.8258426966292135,0.894683908045977,0.8803418803418803,0.8583333333333333
RLL_l1_256_l2_64_lr_0.05_penalty_5.0_bs_256,0.8202247191011236,0.9073275862068966,0.860655737704918,0.875
RLL_l1_512_l2_64_lr_0.05_penalty_0.1_bs_256,0.8202247191011236,0.9054597701149425,0.860655737704918,0.875
RLL_l1_1024_l2_512_lr_0.05_penalty_1.0_bs_128,0.8202247191011236,0.9041666666666666,0.860655737704918,0.875
RLL_l1_1024_l2_32_lr_0.05_penalty_1.0_bs_256,0.8202247191011236,0.9018678160919541,0.860655737704918,0.875
RLL_l1_512_l2_64_lr_0.05_penalty_0.1_bs_128,0.8202247191011236,0.9010057471264367,0.8728813559322034,0.8583333333333333
RLL_l1_256_l2_32_lr_0.05_penalty_1.0_bs_128,0.8202247191011236,0.8956896551724138,0.8928571428571429,0.8333333333333334
RLL_l1_256_l2_128_lr_0.05_penalty_0.1_bs_1024,0.8202247191011236,0.8935344827586206,0.860655737704918,0.875
RLL_l1_128_l2_128_lr_0.05_penalty_0.1_bs_256,0.8202247191011236,0.8810344827586207,0.860655737704918,0.875
RLL_l1_512_l2_256_lr_0.05_penalty_1.0_bs_256,0.8146067415730337,0.9086206896551724,0.865546218487395,0.8583333333333333
RLL_l1_512_l2_128_lr_0.05_penalty_1.0_bs_128,0.8146067415730337,0.9079022988505747,0.865546218487395,0.8583333333333333
RLL_l1_1024_l2_64_lr_0.05_penalty_1.0_bs_128,0.8146067415730337,0.9045977011494253,0.8536585365853658,0.875
RLL_l1_1024_l2_32_lr_0.05_penalty_0.1_bs_128,0.8146067415730337,0.9025862068965518,0.8536585365853658,0.875
RLL_l1_256_l2_256_lr_0.05_penalty_1.0_bs_512,0.8146067415730337,0.899712643678161,0.8536585365853658,0.875
RLL_l1_512_l2_256_lr_0.05_penalty_0.1_bs_128,0.8146067415730337,0.8997126436781608,0.8536585365853658,0.875
RLL_l1_512_l2_128_lr_0.05_penalty_10.0_bs_1024,0.8146067415730337,0.8948275862068965,0.859504132231405,0.8666666666666667
RLL_l1_512_l2_128_lr_0.05_penalty_0.1_bs_128,0.8146067415730337,0.8923850574712644,0.848,0.8833333333333333
RLL_l1_1024_l2_512_lr_0.05_penalty_0.1_bs_256,0.8146067415730337,0.8902298850574714,0.8536585365853658,0.875
RLL_l1_128_l2_64_lr_0.05_penalty_0.1_bs_256,0.8146067415730337,0.8870689655172415,0.8782608695652174,0.8416666666666667
RLL_l1_1024_l2_64_lr_0.05_penalty_5.0_bs_256,0.8089887640449438,0.9099137931034482,0.864406779661017,0.85
RLL_l1_256_l2_32_lr_0.05_penalty_1.0_bs_256,0.8089887640449438,0.8948275862068966,0.8839285714285714,0.825
RLL_l1_256_l2_32_lr_0.05_penalty_0.1_bs_512,0.8089887640449438,0.8863505747126437,0.8839285714285714,0.825
RLL_l1_512_l2_256_lr_0.05_penalty_0.1_bs_256,0.8033707865168539,0.8977011494252874,0.8512396694214877,0.8583333333333333
RLL_l1_1024_l2_64_lr_0.05_penalty_0.1_bs_256,0.8033707865168539,0.8952586206896551,0.8571428571428571,0.85
RLL_l1_1024_l2_64_lr_0.05_penalty_0.1_bs_128,0.797752808988764,0.9012931034482758,0.8387096774193549,0.8666666666666667
